ICE_BUCKETS,THERMAL_CUPS_AND_TUMBLERS,STABILIZERS_AND_UPS,LED_STAGE_LIGHTS,LENS_FILTERS,ENGINE_OIL_DIPSTICKS,ROLLER_SKATES,POOL_LIGHTS,KEY_RACKS,TV_ANTENNAS,MOTORCYCLE_FENDERS,SOLDERING_MACHINES,MOTORCYCLE_BATTERIES,CAR_DISTRIBUTOR_CAPS,DJ_CONTROLLERS,AV_RECEIVERS,MUSICAL_TUNERS,TOOL_BOXES,ELECTRONIC_ENTRANCE_INTERCOMS,SWAY_BARS,GATE_MOTORS,HOME_SHELVES,EROTIC_PUMPS,MOTORCYCLE_JERSEYS,AQUARIUM_FILTERS,CAR_ENGINE_CAMSHAFTS,CLUTCH_FORKS,CELLPHONE_REPAIR_TOOL_KITS,PARTY_HATS,BOOKCASES,PET_COLLARS,SUITCASES,CELLPHONE_REPLACEMENT_CAMERAS,MEN_SWIMWEAR,HAIR_BRUSHES,TV_RECEIVERS_AND_DECODERS,IRONS,BICYCLE_HANDLEBARS,MAKEUP_REMOVERS,LIGHTERS,MOTORCYCLE_CRASH_BARS,FLUTES,VEHICLE_CLUTCH_CABLES,CAR_DOOR_HINGES,CAMERA_CHARGERS,PROTECTION_NETS,INTERCOOLER_HOSES,WHEELS_BEARINGS,TOILET_RUGS,MOTORCYCLE_STARTER_MOTORS,CV_JOINTS,ENGINE_VALVES_SPRING_RETAINERS,CRANKSHAFTS,CACHACAS,ELECTRIC_DRILLS,BATTERY_CHARGERS,TOOTHPASTES,GPS,HAND_POLISHERS,CD_AND_DVD_PLAYERS,GUN_HOLSTERS,CRIBS,TOILET_SEATS,SOFA_AND_FUTON_COVERS,ENGINE_COOLING_FAN_MOTORS,PANTS,BABY_CAR_SEATS,CAR_AC_HOSE_ASSEMBLIES,STRAWS,GYM_GLOVES,CAR_ENGINE_CAMSHAFT_SENSORS,KITCHEN_RANGE_HOODS,EROTIC_COSTUMES,PADLOCKS,DRIED_FRUITS,DOG_CARRIERS_AND_CARRYING_BAGS,PUSH_AND_RIDING_TOYS,CAR_INTERCOOLERS,POWER_STEERING_HOSES,TOOTHBRUSHES,DESKTOP_COMPUTER_CASES,SCOOTERS,MICROCONTROLLERS
bald,cop,va,led,filtr,varet,patim,led,chav,anten,paralam,sold,bat,distribu,control,receiv,afin,caix,port,barr,motor,pratel,bomb,camis,filtr,com,garf,chav,chapeu,est,col,mal,cam,sung,escov,recep,ferr,guida,demaquil,isqu,prote,flaut,cab,port,carreg,red,mangu,rol,banh,motor,homocine,reten,virabrequim,cachac,furad,pilh,dent,gp,politriz,dvd,coldr,berc,assent,sof,motor,calc,cade,ar,canud,luv,sensor,coif,fantas,cade,castanh,transport,carr,radi,direca,escov,gabinet,patinet,control
gel,term,nobreak,par,uv,ole,roll,piscin,port,digit,diant,maquin,mot,tamp,pione,denon,guit,ferrament,interfon,estabiliz,porta,nich,peni,camiset,aquari,valvul,embre,celul,fest,livr,cae,viag,tras,prai,cabel,digit,vap,alumini,micel,zipp,motor,transvers,embre,dobrad,bat,proteca,intercool,rod,tapet,part,junt,valvul,motor,our,impact,carreg,crem,automo,pol,play,polimer,cam,sanitari,lug,vent,je,beb,mangu,inox,musculaca,fas,inox,sexy,pad,caju,caix,infantil,intercool,hidraul,dent,gam,rod,pi
cervej,canec,estabiliz,refle,nd,nivel,rod,refle,mad,tv,tras,inver,ah,ignica,dj,avr,croma,malet,intelbr,diant,desliz,mdf,penil,rs,extern,eix,cambi,ferrament,palh,pratel,peitor,rod,front,box,pent,tv,pass,mtb,agu,macar,caren,yamah,hond,diant,sony,tel,radi,diant,jog,arranqu,rod,com,std,artesan,bosch,aa,gel,tv,poli,cd,pt,colcha,vas,cap,ventil,feminin,carr,condicion,escov,academ,posica,pared,piment,segred,torr,gat,brinqued,ar,mangu,eletr,font,infantil,sol
litr,inox,bivolt,dmx,cpl,motor,ajusta,rgb,mdf,hdtv,caren,mig,hond,rot,cdj,bluetooth,digit,plas,eletron,tras,ppa,suport,aument,fox,uv,admissa,part,jog,cartol,nich,cachorr,ab,samsung,infantil,profiss,conver,roup,bik,lenc,recarrega,slid,doc,ik,limit,cam,branc,superi,tras,pec,hond,lad,jog,eix,min,makit,bat,glist,tel,lixad,usb,destr,americ,tamp,prote,ar,masculin,aut,corre,reutiliza,par,merced,depur,sens,chav,desidrat,pet,passei,diesel,pressa,oral,tow,eletr,microcontrol
alumini,caf,sm,rgb,lent,revisa,quad,iluminaca,pared,intern,titan,tig,mour,bosch,ddj,som,vintag,organiz,vide,buch,dz,decor,man,alpinest,canist,escap,march,precisa,aniversari,port,pet,pequen,mot,estamp,marc,hd,deck,carbon,limp,usb,pedal,sopr,yamah,tras,np,m2,inferi,corre,croch,yamah,ab,bmw,ford,prat,deck,mah,past,voz,angul,grav,pistol,movel,louc,fac,radi,skinny,confort,compres,papel,crossfit,com,vidr,ero,lata,sal,bols,car,ivec,caix,infantil,led,scoot,usb
inox,tamp,nh,strob,canon,hyund,traxart,com,ganch,uhf,rabet,bivolt,gel,gol,cas,yamah,viola,vond,agl,merced,eletron,xx,along,asw,sunsun,cabecot,motor,iphon,junin,movel,gat,med,xt,masculin,bon,grav,sec,biciclet,ros,ga,hond,german,aceler,direit,canon,janel,turbin,tens,pis,escov,pont,hast,stand,carvalh,malet,recarrega,flu,garmin,profiss,notebook,vel,beb,almofad,dupl,intern,cint,burigott,can,aco,fitnes,virabrequim,slim,mulh,papaiz,amendo,cae,caminha,ivepart,retorn,mac,mid,luz,cas
champanh,un,apc,canha,nikon,km,infantil,inox,porta,extern,hond,eletrod,sel,vw,mix,amplific,clip,gavet,fechad,direca,hp,mad,cresc,mot,lag,gm,ford,abr,cowboy,politorn,cour,grand,lg,vera,cerd,livr,bas,mes,ruby,flu,cachorr,barroc,mot,esquerd,film,cord,silicon,ab,pc,titan,gol,ved,hyund,ano,gsb,aaa,whit,naveg,automo,leit,port,comod,dec,cortin,forc,lycr,infantil,bmw,ecolog,palm,aud,tramontin,feminin,tr,int,cachorr,veicul,motor,coif,curaprox,corsa,menin,pic
alc,descarta,up,moving,polariz,medi,abec,lumin,control,cab,tamp,ferr,ma,corre,numark,slim,post,metal,cole,suport,ross,est,tens,trilh,intern,cors,vw,yaxun,fantas,mad,tamanh,bord,galaxy,short,eletr,sky,antiader,speed,bifas,metal,mat,bambu,sorett,par,gr,complet,ar,gol,antiderrap,magnetron,desliz,aud,manc,garraf,dewalt,sony,colgat,multilas,orbit,karaok,tauru,brilh,oval,elas,eletroventil,alt,baby,quent,curv,munhec,borbolet,curv,sapek,lock,promoca,cao,bandeir,turb,tub,soft,atx,bandeir,carg
person,viag,senoid,iluminaca,hoy,tub,lin,font,quadr,vhf,fan,masc,heli,fusc,par,frahm,quadr,bau,pont,estab,peccinin,pared,exten,motocros,hf,motor,gol,pec,cop,gavet,dog,conjunt,retir,mod,javal,anten,arn,ret,remov,antig,sc,yfl,suzuk,pin,digit,pret,agu,skf,xcm,cg,tulip,motor,fiat,litr,reversi,mox,pro,digit,boin,lg,glock,mad,astr,malh,hond,moletom,reclina,tub,ret,pux,bmw,sugg,lingeri,tetr,ped,carr,pedal,merced,corre,colgat,cool,music,font
garraf,gel,bat,rgbw,sony,gasolin,tamanh,ab,decor,aquari,biz,mma,yuas,opal,pionn,ambi,retr,stanley,hdl,bmw,bascul,branc,eletr,insan,ale,flex,buch,tablet,adult,multius,gui,rig,plu,mash,lcd,pre,mond,pro,fac,cham,bmw,niquel,cb,superi,panasonic,metr,tub,altern,toalh,biz,fiat,merced,fiest,premium,re,bivolt,amway,touch,poleg,aparelh,belic,provenc,incep,king,defle,fl,assent,dut,limp,neopren,hall,ar,polic,mal,sec,mochil,beb,cv,sensor,refil,usb,cest,arduin
