submissao30.csvcat,submissao30.csvcount,submission_6.csvcat,submission_6.csvcount,submission_2.csvcat,submission_2.csvcount,submissao19.csvcat,submissao19.csvcount,submissao28.csvcat,submissao28.csvcount,submissao8.csvcat,submissao8.csvcount,submissao17.csvcat,submissao17.csvcount,submissao15.csvcat,submissao15.csvcount,submissao10.csvcat,submissao10.csvcount,submissao12.csvcat,submissao12.csvcount,submissao14.csvcat,submissao14.csvcount,submissao23.csvcat,submissao23.csvcount,submissao27.csvcat,submissao27.csvcount,submissao25.csvcat,submissao25.csvcount,submissao13.csvcat,submissao13.csvcount,submissao16.csvcat,submissao16.csvcount,submissao29.csvcat,submissao29.csvcount,submissao22.csvcat,submissao22.csvcount,submissao31.csvcat,submissao31.csvcount,submission_1.csvcat,submission_1.csvcount,submissao11.csvcat,submissao11.csvcount,submissao24.csvcat,submissao24.csvcount,submissao9.csvcat,submissao9.csvcount,submission_4.csvcat,submission_4.csvcount,submissao20.csvcat,submissao20.csvcount,submissao21.csvcat,submissao21.csvcount,submissao7.csvcat,submissao7.csvcount,submission_5.csvcat,submission_5.csvcount
AQUARIUM_FILTERS,169,AQUARIUM_FILTERS,172,AQUARIUM_FILTERS,169,AQUARIUM_FILTERS,171,AQUARIUM_FILTERS,170,AQUARIUM_FILTERS,163,AQUARIUM_FILTERS,171,AQUARIUM_FILTERS,168,AQUARIUM_FILTERS,168,AQUARIUM_FILTERS,171,AQUARIUM_FILTERS,168,AQUARIUM_FILTERS,169,AQUARIUM_FILTERS,168,AQUARIUM_FILTERS,169,AQUARIUM_FILTERS,170,AQUARIUM_FILTERS,167,AQUARIUM_FILTERS,169,AQUARIUM_FILTERS,169,AQUARIUM_FILTERS,170,AQUARIUM_FILTERS,174,AQUARIUM_FILTERS,170,AQUARIUM_FILTERS,169,AQUARIUM_FILTERS,172,AQUARIUM_FILTERS,170,AQUARIUM_FILTERS,169,AQUARIUM_FILTERS,169,AQUARIUM_FILTERS,174,AQUARIUM_FILTERS,157
AV_RECEIVERS,227,AV_RECEIVERS,229,AV_RECEIVERS,226,AV_RECEIVERS,230,AV_RECEIVERS,229,AV_RECEIVERS,216,AV_RECEIVERS,230,AV_RECEIVERS,230,AV_RECEIVERS,229,AV_RECEIVERS,230,AV_RECEIVERS,230,AV_RECEIVERS,230,AV_RECEIVERS,231,AV_RECEIVERS,231,AV_RECEIVERS,233,AV_RECEIVERS,232,AV_RECEIVERS,228,AV_RECEIVERS,231,AV_RECEIVERS,230,AV_RECEIVERS,228,AV_RECEIVERS,230,AV_RECEIVERS,230,AV_RECEIVERS,224,AV_RECEIVERS,224,AV_RECEIVERS,229,AV_RECEIVERS,229,AV_RECEIVERS,222,AV_RECEIVERS,220
BABY_CAR_SEATS,210,BABY_CAR_SEATS,222,BABY_CAR_SEATS,211,BABY_CAR_SEATS,217,BABY_CAR_SEATS,214,BABY_CAR_SEATS,218,BABY_CAR_SEATS,217,BABY_CAR_SEATS,212,BABY_CAR_SEATS,220,BABY_CAR_SEATS,217,BABY_CAR_SEATS,212,BABY_CAR_SEATS,217,BABY_CAR_SEATS,216,BABY_CAR_SEATS,217,BABY_CAR_SEATS,216,BABY_CAR_SEATS,211,BABY_CAR_SEATS,215,BABY_CAR_SEATS,218,BABY_CAR_SEATS,215,BABY_CAR_SEATS,217,BABY_CAR_SEATS,216,BABY_CAR_SEATS,218,BABY_CAR_SEATS,220,BABY_CAR_SEATS,211,BABY_CAR_SEATS,216,BABY_CAR_SEATS,216,BABY_CAR_SEATS,209,BABY_CAR_SEATS,210
BATTERY_CHARGERS,150,BATTERY_CHARGERS,158,BATTERY_CHARGERS,147,BATTERY_CHARGERS,152,BATTERY_CHARGERS,150,BATTERY_CHARGERS,151,BATTERY_CHARGERS,152,BATTERY_CHARGERS,151,BATTERY_CHARGERS,158,BATTERY_CHARGERS,153,BATTERY_CHARGERS,151,BATTERY_CHARGERS,152,BATTERY_CHARGERS,155,BATTERY_CHARGERS,152,BATTERY_CHARGERS,153,BATTERY_CHARGERS,159,BATTERY_CHARGERS,149,BATTERY_CHARGERS,152,BATTERY_CHARGERS,150,BATTERY_CHARGERS,158,BATTERY_CHARGERS,153,BATTERY_CHARGERS,152,BATTERY_CHARGERS,159,BATTERY_CHARGERS,151,BATTERY_CHARGERS,152,BATTERY_CHARGERS,152,BATTERY_CHARGERS,144,BATTERY_CHARGERS,153
BICYCLE_HANDLEBARS,164,BICYCLE_HANDLEBARS,165,BICYCLE_HANDLEBARS,164,BICYCLE_HANDLEBARS,165,BICYCLE_HANDLEBARS,164,BICYCLE_HANDLEBARS,167,BICYCLE_HANDLEBARS,165,BICYCLE_HANDLEBARS,165,BICYCLE_HANDLEBARS,166,BICYCLE_HANDLEBARS,165,BICYCLE_HANDLEBARS,165,BICYCLE_HANDLEBARS,165,BICYCLE_HANDLEBARS,167,BICYCLE_HANDLEBARS,166,BICYCLE_HANDLEBARS,166,BICYCLE_HANDLEBARS,165,BICYCLE_HANDLEBARS,164,BICYCLE_HANDLEBARS,166,BICYCLE_HANDLEBARS,164,BICYCLE_HANDLEBARS,167,BICYCLE_HANDLEBARS,165,BICYCLE_HANDLEBARS,166,BICYCLE_HANDLEBARS,166,BICYCLE_HANDLEBARS,164,BICYCLE_HANDLEBARS,165,BICYCLE_HANDLEBARS,166,BICYCLE_HANDLEBARS,163,BICYCLE_HANDLEBARS,164
BOOKCASES,213,BOOKCASES,204,BOOKCASES,212,BOOKCASES,211,BOOKCASES,211,BOOKCASES,200,BOOKCASES,210,BOOKCASES,217,BOOKCASES,205,BOOKCASES,206,BOOKCASES,217,BOOKCASES,210,BOOKCASES,213,BOOKCASES,210,BOOKCASES,211,BOOKCASES,212,BOOKCASES,211,BOOKCASES,210,BOOKCASES,212,BOOKCASES,206,BOOKCASES,209,BOOKCASES,210,BOOKCASES,204,BOOKCASES,209,BOOKCASES,210,BOOKCASES,210,BOOKCASES,219,BOOKCASES,206
CACHACAS,188,CACHACAS,191,CACHACAS,180,CACHACAS,190,CACHACAS,189,CACHACAS,200,CACHACAS,190,CACHACAS,187,CACHACAS,189,CACHACAS,190,CACHACAS,187,CACHACAS,189,CACHACAS,191,CACHACAS,189,CACHACAS,190,CACHACAS,188,CACHACAS,190,CACHACAS,189,CACHACAS,191,CACHACAS,193,CACHACAS,192,CACHACAS,189,CACHACAS,193,CACHACAS,188,CACHACAS,189,CACHACAS,189,CACHACAS,187,CACHACAS,180
CAMERA_CHARGERS,172,CAMERA_CHARGERS,173,CAMERA_CHARGERS,175,CAMERA_CHARGERS,171,CAMERA_CHARGERS,169,CAMERA_CHARGERS,170,CAMERA_CHARGERS,171,CAMERA_CHARGERS,173,CAMERA_CHARGERS,166,CAMERA_CHARGERS,171,CAMERA_CHARGERS,173,CAMERA_CHARGERS,172,CAMERA_CHARGERS,168,CAMERA_CHARGERS,172,CAMERA_CHARGERS,172,CAMERA_CHARGERS,163,CAMERA_CHARGERS,171,CAMERA_CHARGERS,171,CAMERA_CHARGERS,171,CAMERA_CHARGERS,167,CAMERA_CHARGERS,172,CAMERA_CHARGERS,172,CAMERA_CHARGERS,165,CAMERA_CHARGERS,174,CAMERA_CHARGERS,171,CAMERA_CHARGERS,172,CAMERA_CHARGERS,173,CAMERA_CHARGERS,167
CAR_AC_HOSE_ASSEMBLIES,219,CAR_AC_HOSE_ASSEMBLIES,220,CAR_AC_HOSE_ASSEMBLIES,217,CAR_AC_HOSE_ASSEMBLIES,220,CAR_AC_HOSE_ASSEMBLIES,220,CAR_AC_HOSE_ASSEMBLIES,217,CAR_AC_HOSE_ASSEMBLIES,220,CAR_AC_HOSE_ASSEMBLIES,220,CAR_AC_HOSE_ASSEMBLIES,221,CAR_AC_HOSE_ASSEMBLIES,220,CAR_AC_HOSE_ASSEMBLIES,220,CAR_AC_HOSE_ASSEMBLIES,220,CAR_AC_HOSE_ASSEMBLIES,217,CAR_AC_HOSE_ASSEMBLIES,220,CAR_AC_HOSE_ASSEMBLIES,221,CAR_AC_HOSE_ASSEMBLIES,213,CAR_AC_HOSE_ASSEMBLIES,220,CAR_AC_HOSE_ASSEMBLIES,220,CAR_AC_HOSE_ASSEMBLIES,220,CAR_AC_HOSE_ASSEMBLIES,223,CAR_AC_HOSE_ASSEMBLIES,219,CAR_AC_HOSE_ASSEMBLIES,220,CAR_AC_HOSE_ASSEMBLIES,219,CAR_AC_HOSE_ASSEMBLIES,216,CAR_AC_HOSE_ASSEMBLIES,221,CAR_AC_HOSE_ASSEMBLIES,221,CAR_AC_HOSE_ASSEMBLIES,212,CAR_AC_HOSE_ASSEMBLIES,212
CAR_DISTRIBUTOR_CAPS,176,CAR_DISTRIBUTOR_CAPS,175,CAR_DISTRIBUTOR_CAPS,179,CAR_DISTRIBUTOR_CAPS,178,CAR_DISTRIBUTOR_CAPS,176,CAR_DISTRIBUTOR_CAPS,175,CAR_DISTRIBUTOR_CAPS,178,CAR_DISTRIBUTOR_CAPS,181,CAR_DISTRIBUTOR_CAPS,175,CAR_DISTRIBUTOR_CAPS,176,CAR_DISTRIBUTOR_CAPS,181,CAR_DISTRIBUTOR_CAPS,178,CAR_DISTRIBUTOR_CAPS,177,CAR_DISTRIBUTOR_CAPS,178,CAR_DISTRIBUTOR_CAPS,178,CAR_DISTRIBUTOR_CAPS,175,CAR_DISTRIBUTOR_CAPS,173,CAR_DISTRIBUTOR_CAPS,178,CAR_DISTRIBUTOR_CAPS,176,CAR_DISTRIBUTOR_CAPS,180,CAR_DISTRIBUTOR_CAPS,178,CAR_DISTRIBUTOR_CAPS,178,CAR_DISTRIBUTOR_CAPS,174,CAR_DISTRIBUTOR_CAPS,181,CAR_DISTRIBUTOR_CAPS,178,CAR_DISTRIBUTOR_CAPS,178,CAR_DISTRIBUTOR_CAPS,179,CAR_DISTRIBUTOR_CAPS,177
CAR_DOOR_HINGES,215,CAR_DOOR_HINGES,217,CAR_DOOR_HINGES,219,CAR_DOOR_HINGES,219,CAR_DOOR_HINGES,218,CAR_DOOR_HINGES,216,CAR_DOOR_HINGES,218,CAR_DOOR_HINGES,217,CAR_DOOR_HINGES,222,CAR_DOOR_HINGES,220,CAR_DOOR_HINGES,217,CAR_DOOR_HINGES,218,CAR_DOOR_HINGES,219,CAR_DOOR_HINGES,218,CAR_DOOR_HINGES,219,CAR_DOOR_HINGES,218,CAR_DOOR_HINGES,215,CAR_DOOR_HINGES,219,CAR_DOOR_HINGES,215,CAR_DOOR_HINGES,216,CAR_DOOR_HINGES,219,CAR_DOOR_HINGES,219,CAR_DOOR_HINGES,220,CAR_DOOR_HINGES,219,CAR_DOOR_HINGES,219,CAR_DOOR_HINGES,217,CAR_DOOR_HINGES,219,CAR_DOOR_HINGES,215
CAR_ENGINE_CAMSHAFTS,209,CAR_ENGINE_CAMSHAFTS,204,CAR_ENGINE_CAMSHAFTS,205,CAR_ENGINE_CAMSHAFTS,208,CAR_ENGINE_CAMSHAFTS,204,CAR_ENGINE_CAMSHAFTS,197,CAR_ENGINE_CAMSHAFTS,207,CAR_ENGINE_CAMSHAFTS,211,CAR_ENGINE_CAMSHAFTS,203,CAR_ENGINE_CAMSHAFTS,205,CAR_ENGINE_CAMSHAFTS,211,CAR_ENGINE_CAMSHAFTS,208,CAR_ENGINE_CAMSHAFTS,207,CAR_ENGINE_CAMSHAFTS,208,CAR_ENGINE_CAMSHAFTS,207,CAR_ENGINE_CAMSHAFTS,201,CAR_ENGINE_CAMSHAFTS,201,CAR_ENGINE_CAMSHAFTS,208,CAR_ENGINE_CAMSHAFTS,201,CAR_ENGINE_CAMSHAFTS,208,CAR_ENGINE_CAMSHAFTS,207,CAR_ENGINE_CAMSHAFTS,208,CAR_ENGINE_CAMSHAFTS,200,CAR_ENGINE_CAMSHAFTS,205,CAR_ENGINE_CAMSHAFTS,209,CAR_ENGINE_CAMSHAFTS,208,CAR_ENGINE_CAMSHAFTS,209,CAR_ENGINE_CAMSHAFTS,208
CAR_ENGINE_CAMSHAFT_SENSORS,199,CAR_ENGINE_CAMSHAFT_SENSORS,197,CAR_ENGINE_CAMSHAFT_SENSORS,208,CAR_ENGINE_CAMSHAFT_SENSORS,194,CAR_ENGINE_CAMSHAFT_SENSORS,202,CAR_ENGINE_CAMSHAFT_SENSORS,197,CAR_ENGINE_CAMSHAFT_SENSORS,194,CAR_ENGINE_CAMSHAFT_SENSORS,195,CAR_ENGINE_CAMSHAFT_SENSORS,197,CAR_ENGINE_CAMSHAFT_SENSORS,198,CAR_ENGINE_CAMSHAFT_SENSORS,195,CAR_ENGINE_CAMSHAFT_SENSORS,195,CAR_ENGINE_CAMSHAFT_SENSORS,197,CAR_ENGINE_CAMSHAFT_SENSORS,194,CAR_ENGINE_CAMSHAFT_SENSORS,195,CAR_ENGINE_CAMSHAFT_SENSORS,202,CAR_ENGINE_CAMSHAFT_SENSORS,202,CAR_ENGINE_CAMSHAFT_SENSORS,194,CAR_ENGINE_CAMSHAFT_SENSORS,202,CAR_ENGINE_CAMSHAFT_SENSORS,195,CAR_ENGINE_CAMSHAFT_SENSORS,196,CAR_ENGINE_CAMSHAFT_SENSORS,194,CAR_ENGINE_CAMSHAFT_SENSORS,198,CAR_ENGINE_CAMSHAFT_SENSORS,192,CAR_ENGINE_CAMSHAFT_SENSORS,196,CAR_ENGINE_CAMSHAFT_SENSORS,194,CAR_ENGINE_CAMSHAFT_SENSORS,206,CAR_ENGINE_CAMSHAFT_SENSORS,187
CAR_INTERCOOLERS,165,CAR_INTERCOOLERS,148,CAR_INTERCOOLERS,161,CAR_INTERCOOLERS,156,CAR_INTERCOOLERS,165,CAR_INTERCOOLERS,150,CAR_INTERCOOLERS,156,CAR_INTERCOOLERS,160,CAR_INTERCOOLERS,152,CAR_INTERCOOLERS,153,CAR_INTERCOOLERS,160,CAR_INTERCOOLERS,156,CAR_INTERCOOLERS,158,CAR_INTERCOOLERS,158,CAR_INTERCOOLERS,154,CAR_INTERCOOLERS,160,CAR_INTERCOOLERS,161,CAR_INTERCOOLERS,157,CAR_INTERCOOLERS,160,CAR_INTERCOOLERS,147,CAR_INTERCOOLERS,158,CAR_INTERCOOLERS,157,CAR_INTERCOOLERS,158,CAR_INTERCOOLERS,160,CAR_INTERCOOLERS,157,CAR_INTERCOOLERS,156,CAR_INTERCOOLERS,152,CAR_INTERCOOLERS,158
CD_AND_DVD_PLAYERS,218,CD_AND_DVD_PLAYERS,220,CD_AND_DVD_PLAYERS,221,CD_AND_DVD_PLAYERS,218,CD_AND_DVD_PLAYERS,220,CD_AND_DVD_PLAYERS,222,CD_AND_DVD_PLAYERS,218,CD_AND_DVD_PLAYERS,216,CD_AND_DVD_PLAYERS,216,CD_AND_DVD_PLAYERS,217,CD_AND_DVD_PLAYERS,216,CD_AND_DVD_PLAYERS,218,CD_AND_DVD_PLAYERS,218,CD_AND_DVD_PLAYERS,218,CD_AND_DVD_PLAYERS,220,CD_AND_DVD_PLAYERS,214,CD_AND_DVD_PLAYERS,218,CD_AND_DVD_PLAYERS,218,CD_AND_DVD_PLAYERS,219,CD_AND_DVD_PLAYERS,223,CD_AND_DVD_PLAYERS,220,CD_AND_DVD_PLAYERS,218,CD_AND_DVD_PLAYERS,214,CD_AND_DVD_PLAYERS,225,CD_AND_DVD_PLAYERS,217,CD_AND_DVD_PLAYERS,218,CD_AND_DVD_PLAYERS,222,CD_AND_DVD_PLAYERS,232
CELLPHONE_REPAIR_TOOL_KITS,167,CELLPHONE_REPAIR_TOOL_KITS,173,CELLPHONE_REPAIR_TOOL_KITS,169,CELLPHONE_REPAIR_TOOL_KITS,168,CELLPHONE_REPAIR_TOOL_KITS,169,CELLPHONE_REPAIR_TOOL_KITS,172,CELLPHONE_REPAIR_TOOL_KITS,168,CELLPHONE_REPAIR_TOOL_KITS,172,CELLPHONE_REPAIR_TOOL_KITS,173,CELLPHONE_REPAIR_TOOL_KITS,166,CELLPHONE_REPAIR_TOOL_KITS,172,CELLPHONE_REPAIR_TOOL_KITS,168,CELLPHONE_REPAIR_TOOL_KITS,167,CELLPHONE_REPAIR_TOOL_KITS,169,CELLPHONE_REPAIR_TOOL_KITS,169,CELLPHONE_REPAIR_TOOL_KITS,174,CELLPHONE_REPAIR_TOOL_KITS,167,CELLPHONE_REPAIR_TOOL_KITS,168,CELLPHONE_REPAIR_TOOL_KITS,167,CELLPHONE_REPAIR_TOOL_KITS,170,CELLPHONE_REPAIR_TOOL_KITS,171,CELLPHONE_REPAIR_TOOL_KITS,169,CELLPHONE_REPAIR_TOOL_KITS,173,CELLPHONE_REPAIR_TOOL_KITS,168,CELLPHONE_REPAIR_TOOL_KITS,169,CELLPHONE_REPAIR_TOOL_KITS,169,CELLPHONE_REPAIR_TOOL_KITS,177,CELLPHONE_REPAIR_TOOL_KITS,169
CELLPHONE_REPLACEMENT_CAMERAS,226,CELLPHONE_REPLACEMENT_CAMERAS,227,CELLPHONE_REPLACEMENT_CAMERAS,226,CELLPHONE_REPLACEMENT_CAMERAS,228,CELLPHONE_REPLACEMENT_CAMERAS,227,CELLPHONE_REPLACEMENT_CAMERAS,228,CELLPHONE_REPLACEMENT_CAMERAS,228,CELLPHONE_REPLACEMENT_CAMERAS,228,CELLPHONE_REPLACEMENT_CAMERAS,227,CELLPHONE_REPLACEMENT_CAMERAS,228,CELLPHONE_REPLACEMENT_CAMERAS,228,CELLPHONE_REPLACEMENT_CAMERAS,228,CELLPHONE_REPLACEMENT_CAMERAS,225,CELLPHONE_REPLACEMENT_CAMERAS,228,CELLPHONE_REPLACEMENT_CAMERAS,228,CELLPHONE_REPLACEMENT_CAMERAS,227,CELLPHONE_REPLACEMENT_CAMERAS,227,CELLPHONE_REPLACEMENT_CAMERAS,228,CELLPHONE_REPLACEMENT_CAMERAS,228,CELLPHONE_REPLACEMENT_CAMERAS,227,CELLPHONE_REPLACEMENT_CAMERAS,227,CELLPHONE_REPLACEMENT_CAMERAS,228,CELLPHONE_REPLACEMENT_CAMERAS,225,CELLPHONE_REPLACEMENT_CAMERAS,226,CELLPHONE_REPLACEMENT_CAMERAS,228,CELLPHONE_REPLACEMENT_CAMERAS,228,CELLPHONE_REPLACEMENT_CAMERAS,226,CELLPHONE_REPLACEMENT_CAMERAS,228
CLUTCH_FORKS,168,CLUTCH_FORKS,173,CLUTCH_FORKS,169,CLUTCH_FORKS,171,CLUTCH_FORKS,169,CLUTCH_FORKS,175,CLUTCH_FORKS,171,CLUTCH_FORKS,172,CLUTCH_FORKS,172,CLUTCH_FORKS,175,CLUTCH_FORKS,172,CLUTCH_FORKS,171,CLUTCH_FORKS,168,CLUTCH_FORKS,171,CLUTCH_FORKS,171,CLUTCH_FORKS,171,CLUTCH_FORKS,170,CLUTCH_FORKS,171,CLUTCH_FORKS,169,CLUTCH_FORKS,171,CLUTCH_FORKS,172,CLUTCH_FORKS,171,CLUTCH_FORKS,177,CLUTCH_FORKS,169,CLUTCH_FORKS,171,CLUTCH_FORKS,172,CLUTCH_FORKS,164,CLUTCH_FORKS,174
CRANKSHAFTS,224,CRANKSHAFTS,224,CRANKSHAFTS,218,CRANKSHAFTS,225,CRANKSHAFTS,226,CRANKSHAFTS,219,CRANKSHAFTS,225,CRANKSHAFTS,220,CRANKSHAFTS,228,CRANKSHAFTS,227,CRANKSHAFTS,220,CRANKSHAFTS,225,CRANKSHAFTS,223,CRANKSHAFTS,225,CRANKSHAFTS,223,CRANKSHAFTS,220,CRANKSHAFTS,227,CRANKSHAFTS,225,CRANKSHAFTS,226,CRANKSHAFTS,224,CRANKSHAFTS,223,CRANKSHAFTS,226,CRANKSHAFTS,223,CRANKSHAFTS,223,CRANKSHAFTS,224,CRANKSHAFTS,226,CRANKSHAFTS,214,CRANKSHAFTS,219
CRIBS,186,CRIBS,187,CRIBS,184,CRIBS,186,CRIBS,186,CRIBS,187,CRIBS,187,CRIBS,184,CRIBS,189,CRIBS,188,CRIBS,184,CRIBS,187,CRIBS,187,CRIBS,187,CRIBS,186,CRIBS,185,CRIBS,186,CRIBS,187,CRIBS,186,CRIBS,188,CRIBS,187,CRIBS,187,CRIBS,189,CRIBS,186,CRIBS,187,CRIBS,187,CRIBS,183,CRIBS,184
CV_JOINTS,251,CV_JOINTS,258,CV_JOINTS,253,CV_JOINTS,255,CV_JOINTS,252,CV_JOINTS,255,CV_JOINTS,254,CV_JOINTS,254,CV_JOINTS,255,CV_JOINTS,256,CV_JOINTS,254,CV_JOINTS,255,CV_JOINTS,256,CV_JOINTS,254,CV_JOINTS,257,CV_JOINTS,254,CV_JOINTS,255,CV_JOINTS,255,CV_JOINTS,255,CV_JOINTS,256,CV_JOINTS,257,CV_JOINTS,255,CV_JOINTS,259,CV_JOINTS,251,CV_JOINTS,254,CV_JOINTS,255,CV_JOINTS,251,CV_JOINTS,253
DESKTOP_COMPUTER_CASES,204,DESKTOP_COMPUTER_CASES,206,DESKTOP_COMPUTER_CASES,204,DESKTOP_COMPUTER_CASES,207,DESKTOP_COMPUTER_CASES,204,DESKTOP_COMPUTER_CASES,205,DESKTOP_COMPUTER_CASES,206,DESKTOP_COMPUTER_CASES,207,DESKTOP_COMPUTER_CASES,206,DESKTOP_COMPUTER_CASES,207,DESKTOP_COMPUTER_CASES,207,DESKTOP_COMPUTER_CASES,206,DESKTOP_COMPUTER_CASES,202,DESKTOP_COMPUTER_CASES,206,DESKTOP_COMPUTER_CASES,208,DESKTOP_COMPUTER_CASES,207,DESKTOP_COMPUTER_CASES,205,DESKTOP_COMPUTER_CASES,206,DESKTOP_COMPUTER_CASES,206,DESKTOP_COMPUTER_CASES,207,DESKTOP_COMPUTER_CASES,207,DESKTOP_COMPUTER_CASES,206,DESKTOP_COMPUTER_CASES,205,DESKTOP_COMPUTER_CASES,210,DESKTOP_COMPUTER_CASES,206,DESKTOP_COMPUTER_CASES,207,DESKTOP_COMPUTER_CASES,205,DESKTOP_COMPUTER_CASES,208
DJ_CONTROLLERS,231,DJ_CONTROLLERS,217,DJ_CONTROLLERS,227,DJ_CONTROLLERS,222,DJ_CONTROLLERS,223,DJ_CONTROLLERS,223,DJ_CONTROLLERS,222,DJ_CONTROLLERS,222,DJ_CONTROLLERS,220,DJ_CONTROLLERS,219,DJ_CONTROLLERS,222,DJ_CONTROLLERS,222,DJ_CONTROLLERS,241,DJ_CONTROLLERS,223,DJ_CONTROLLERS,222,DJ_CONTROLLERS,251,DJ_CONTROLLERS,223,DJ_CONTROLLERS,223,DJ_CONTROLLERS,226,DJ_CONTROLLERS,221,DJ_CONTROLLERS,219,DJ_CONTROLLERS,224,DJ_CONTROLLERS,217,DJ_CONTROLLERS,219,DJ_CONTROLLERS,223,DJ_CONTROLLERS,224,DJ_CONTROLLERS,223,DJ_CONTROLLERS,218
DOG_CARRIERS_AND_CARRYING_BAGS,165,DOG_CARRIERS_AND_CARRYING_BAGS,165,DOG_CARRIERS_AND_CARRYING_BAGS,166,DOG_CARRIERS_AND_CARRYING_BAGS,162,DOG_CARRIERS_AND_CARRYING_BAGS,165,DOG_CARRIERS_AND_CARRYING_BAGS,162,DOG_CARRIERS_AND_CARRYING_BAGS,161,DOG_CARRIERS_AND_CARRYING_BAGS,163,DOG_CARRIERS_AND_CARRYING_BAGS,164,DOG_CARRIERS_AND_CARRYING_BAGS,165,DOG_CARRIERS_AND_CARRYING_BAGS,163,DOG_CARRIERS_AND_CARRYING_BAGS,161,DOG_CARRIERS_AND_CARRYING_BAGS,164,DOG_CARRIERS_AND_CARRYING_BAGS,161,DOG_CARRIERS_AND_CARRYING_BAGS,160,DOG_CARRIERS_AND_CARRYING_BAGS,158,DOG_CARRIERS_AND_CARRYING_BAGS,163,DOG_CARRIERS_AND_CARRYING_BAGS,161,DOG_CARRIERS_AND_CARRYING_BAGS,163,DOG_CARRIERS_AND_CARRYING_BAGS,161,DOG_CARRIERS_AND_CARRYING_BAGS,163,DOG_CARRIERS_AND_CARRYING_BAGS,161,DOG_CARRIERS_AND_CARRYING_BAGS,166,DOG_CARRIERS_AND_CARRYING_BAGS,165,DOG_CARRIERS_AND_CARRYING_BAGS,161,DOG_CARRIERS_AND_CARRYING_BAGS,162,DOG_CARRIERS_AND_CARRYING_BAGS,165,DOG_CARRIERS_AND_CARRYING_BAGS,164
DRIED_FRUITS,186,DRIED_FRUITS,187,DRIED_FRUITS,216,DRIED_FRUITS,190,DRIED_FRUITS,185,DRIED_FRUITS,184,DRIED_FRUITS,191,DRIED_FRUITS,191,DRIED_FRUITS,187,DRIED_FRUITS,190,DRIED_FRUITS,191,DRIED_FRUITS,191,DRIED_FRUITS,189,DRIED_FRUITS,190,DRIED_FRUITS,194,DRIED_FRUITS,192,DRIED_FRUITS,186,DRIED_FRUITS,190,DRIED_FRUITS,186,DRIED_FRUITS,186,DRIED_FRUITS,190,DRIED_FRUITS,190,DRIED_FRUITS,185,DRIED_FRUITS,186,DRIED_FRUITS,191,DRIED_FRUITS,190,DRIED_FRUITS,195,DRIED_FRUITS,179
ELECTRIC_DRILLS,240,ELECTRIC_DRILLS,242,ELECTRIC_DRILLS,240,ELECTRIC_DRILLS,240,ELECTRIC_DRILLS,240,ELECTRIC_DRILLS,240,ELECTRIC_DRILLS,240,ELECTRIC_DRILLS,238,ELECTRIC_DRILLS,242,ELECTRIC_DRILLS,242,ELECTRIC_DRILLS,238,ELECTRIC_DRILLS,240,ELECTRIC_DRILLS,240,ELECTRIC_DRILLS,240,ELECTRIC_DRILLS,240,ELECTRIC_DRILLS,240,ELECTRIC_DRILLS,240,ELECTRIC_DRILLS,240,ELECTRIC_DRILLS,241,ELECTRIC_DRILLS,242,ELECTRIC_DRILLS,242,ELECTRIC_DRILLS,240,ELECTRIC_DRILLS,241,ELECTRIC_DRILLS,241,ELECTRIC_DRILLS,240,ELECTRIC_DRILLS,240,ELECTRIC_DRILLS,237,ELECTRIC_DRILLS,241
ELECTRONIC_ENTRANCE_INTERCOMS,229,ELECTRONIC_ENTRANCE_INTERCOMS,228,ELECTRONIC_ENTRANCE_INTERCOMS,229,ELECTRONIC_ENTRANCE_INTERCOMS,226,ELECTRONIC_ENTRANCE_INTERCOMS,228,ELECTRONIC_ENTRANCE_INTERCOMS,223,ELECTRONIC_ENTRANCE_INTERCOMS,226,ELECTRONIC_ENTRANCE_INTERCOMS,225,ELECTRONIC_ENTRANCE_INTERCOMS,224,ELECTRONIC_ENTRANCE_INTERCOMS,226,ELECTRONIC_ENTRANCE_INTERCOMS,225,ELECTRONIC_ENTRANCE_INTERCOMS,227,ELECTRONIC_ENTRANCE_INTERCOMS,229,ELECTRONIC_ENTRANCE_INTERCOMS,228,ELECTRONIC_ENTRANCE_INTERCOMS,226,ELECTRONIC_ENTRANCE_INTERCOMS,234,ELECTRONIC_ENTRANCE_INTERCOMS,225,ELECTRONIC_ENTRANCE_INTERCOMS,228,ELECTRONIC_ENTRANCE_INTERCOMS,226,ELECTRONIC_ENTRANCE_INTERCOMS,222,ELECTRONIC_ENTRANCE_INTERCOMS,227,ELECTRONIC_ENTRANCE_INTERCOMS,228,ELECTRONIC_ENTRANCE_INTERCOMS,226,ELECTRONIC_ENTRANCE_INTERCOMS,230,ELECTRONIC_ENTRANCE_INTERCOMS,227,ELECTRONIC_ENTRANCE_INTERCOMS,226,ELECTRONIC_ENTRANCE_INTERCOMS,229,ELECTRONIC_ENTRANCE_INTERCOMS,230
ENGINE_COOLING_FAN_MOTORS,177,ENGINE_COOLING_FAN_MOTORS,185,ENGINE_COOLING_FAN_MOTORS,184,ENGINE_COOLING_FAN_MOTORS,183,ENGINE_COOLING_FAN_MOTORS,178,ENGINE_COOLING_FAN_MOTORS,190,ENGINE_COOLING_FAN_MOTORS,182,ENGINE_COOLING_FAN_MOTORS,178,ENGINE_COOLING_FAN_MOTORS,182,ENGINE_COOLING_FAN_MOTORS,177,ENGINE_COOLING_FAN_MOTORS,178,ENGINE_COOLING_FAN_MOTORS,182,ENGINE_COOLING_FAN_MOTORS,185,ENGINE_COOLING_FAN_MOTORS,182,ENGINE_COOLING_FAN_MOTORS,179,ENGINE_COOLING_FAN_MOTORS,178,ENGINE_COOLING_FAN_MOTORS,180,ENGINE_COOLING_FAN_MOTORS,182,ENGINE_COOLING_FAN_MOTORS,178,ENGINE_COOLING_FAN_MOTORS,189,ENGINE_COOLING_FAN_MOTORS,177,ENGINE_COOLING_FAN_MOTORS,182,ENGINE_COOLING_FAN_MOTORS,179,ENGINE_COOLING_FAN_MOTORS,183,ENGINE_COOLING_FAN_MOTORS,182,ENGINE_COOLING_FAN_MOTORS,181,ENGINE_COOLING_FAN_MOTORS,199,ENGINE_COOLING_FAN_MOTORS,190
ENGINE_OIL_DIPSTICKS,176,ENGINE_OIL_DIPSTICKS,174,ENGINE_OIL_DIPSTICKS,175,ENGINE_OIL_DIPSTICKS,175,ENGINE_OIL_DIPSTICKS,176,ENGINE_OIL_DIPSTICKS,174,ENGINE_OIL_DIPSTICKS,175,ENGINE_OIL_DIPSTICKS,175,ENGINE_OIL_DIPSTICKS,175,ENGINE_OIL_DIPSTICKS,176,ENGINE_OIL_DIPSTICKS,175,ENGINE_OIL_DIPSTICKS,175,ENGINE_OIL_DIPSTICKS,176,ENGINE_OIL_DIPSTICKS,176,ENGINE_OIL_DIPSTICKS,174,ENGINE_OIL_DIPSTICKS,175,ENGINE_OIL_DIPSTICKS,177,ENGINE_OIL_DIPSTICKS,175,ENGINE_OIL_DIPSTICKS,177,ENGINE_OIL_DIPSTICKS,173,ENGINE_OIL_DIPSTICKS,174,ENGINE_OIL_DIPSTICKS,175,ENGINE_OIL_DIPSTICKS,175,ENGINE_OIL_DIPSTICKS,174,ENGINE_OIL_DIPSTICKS,176,ENGINE_OIL_DIPSTICKS,175,ENGINE_OIL_DIPSTICKS,175,ENGINE_OIL_DIPSTICKS,175
ENGINE_VALVES_SPRING_RETAINERS,160,ENGINE_VALVES_SPRING_RETAINERS,168,ENGINE_VALVES_SPRING_RETAINERS,162,ENGINE_VALVES_SPRING_RETAINERS,161,ENGINE_VALVES_SPRING_RETAINERS,158,ENGINE_VALVES_SPRING_RETAINERS,170,ENGINE_VALVES_SPRING_RETAINERS,162,ENGINE_VALVES_SPRING_RETAINERS,162,ENGINE_VALVES_SPRING_RETAINERS,165,ENGINE_VALVES_SPRING_RETAINERS,164,ENGINE_VALVES_SPRING_RETAINERS,162,ENGINE_VALVES_SPRING_RETAINERS,161,ENGINE_VALVES_SPRING_RETAINERS,160,ENGINE_VALVES_SPRING_RETAINERS,161,ENGINE_VALVES_SPRING_RETAINERS,161,ENGINE_VALVES_SPRING_RETAINERS,167,ENGINE_VALVES_SPRING_RETAINERS,162,ENGINE_VALVES_SPRING_RETAINERS,161,ENGINE_VALVES_SPRING_RETAINERS,161,ENGINE_VALVES_SPRING_RETAINERS,159,ENGINE_VALVES_SPRING_RETAINERS,164,ENGINE_VALVES_SPRING_RETAINERS,161,ENGINE_VALVES_SPRING_RETAINERS,169,ENGINE_VALVES_SPRING_RETAINERS,162,ENGINE_VALVES_SPRING_RETAINERS,161,ENGINE_VALVES_SPRING_RETAINERS,161,ENGINE_VALVES_SPRING_RETAINERS,160,ENGINE_VALVES_SPRING_RETAINERS,163
EROTIC_COSTUMES,154,EROTIC_COSTUMES,157,EROTIC_COSTUMES,161,EROTIC_COSTUMES,159,EROTIC_COSTUMES,154,EROTIC_COSTUMES,150,EROTIC_COSTUMES,157,EROTIC_COSTUMES,158,EROTIC_COSTUMES,154,EROTIC_COSTUMES,154,EROTIC_COSTUMES,158,EROTIC_COSTUMES,154,EROTIC_COSTUMES,154,EROTIC_COSTUMES,155,EROTIC_COSTUMES,155,EROTIC_COSTUMES,156,EROTIC_COSTUMES,153,EROTIC_COSTUMES,155,EROTIC_COSTUMES,154,EROTIC_COSTUMES,154,EROTIC_COSTUMES,153,EROTIC_COSTUMES,156,EROTIC_COSTUMES,153,EROTIC_COSTUMES,160,EROTIC_COSTUMES,156,EROTIC_COSTUMES,159,EROTIC_COSTUMES,162,EROTIC_COSTUMES,157
EROTIC_PUMPS,187,EROTIC_PUMPS,187,EROTIC_PUMPS,185,EROTIC_PUMPS,187,EROTIC_PUMPS,186,EROTIC_PUMPS,189,EROTIC_PUMPS,186,EROTIC_PUMPS,185,EROTIC_PUMPS,187,EROTIC_PUMPS,188,EROTIC_PUMPS,185,EROTIC_PUMPS,187,EROTIC_PUMPS,186,EROTIC_PUMPS,186,EROTIC_PUMPS,186,EROTIC_PUMPS,184,EROTIC_PUMPS,186,EROTIC_PUMPS,186,EROTIC_PUMPS,187,EROTIC_PUMPS,188,EROTIC_PUMPS,187,EROTIC_PUMPS,186,EROTIC_PUMPS,187,EROTIC_PUMPS,184,EROTIC_PUMPS,187,EROTIC_PUMPS,186,EROTIC_PUMPS,187,EROTIC_PUMPS,184
FLUTES,155,FLUTES,154,FLUTES,153,FLUTES,156,FLUTES,154,FLUTES,153,FLUTES,156,FLUTES,152,FLUTES,154,FLUTES,156,FLUTES,152,FLUTES,156,FLUTES,154,FLUTES,156,FLUTES,155,FLUTES,153,FLUTES,155,FLUTES,156,FLUTES,154,FLUTES,157,FLUTES,156,FLUTES,155,FLUTES,157,FLUTES,156,FLUTES,155,FLUTES,155,FLUTES,153,FLUTES,149
GATE_MOTORS,233,GATE_MOTORS,227,GATE_MOTORS,230,GATE_MOTORS,233,GATE_MOTORS,231,GATE_MOTORS,231,GATE_MOTORS,233,GATE_MOTORS,231,GATE_MOTORS,228,GATE_MOTORS,231,GATE_MOTORS,231,GATE_MOTORS,234,GATE_MOTORS,233,GATE_MOTORS,232,GATE_MOTORS,232,GATE_MOTORS,234,GATE_MOTORS,229,GATE_MOTORS,233,GATE_MOTORS,230,GATE_MOTORS,233,GATE_MOTORS,230,GATE_MOTORS,233,GATE_MOTORS,229,GATE_MOTORS,224,GATE_MOTORS,232,GATE_MOTORS,233,GATE_MOTORS,225,GATE_MOTORS,224
GPS,202,GPS,200,GPS,203,GPS,200,GPS,201,GPS,197,GPS,202,GPS,200,GPS,200,GPS,201,GPS,200,GPS,199,GPS,199,GPS,200,GPS,201,GPS,203,GPS,199,GPS,200,GPS,198,GPS,203,GPS,201,GPS,199,GPS,201,GPS,203,GPS,201,GPS,199,GPS,203,GPS,201
GUN_HOLSTERS,194,GUN_HOLSTERS,194,GUN_HOLSTERS,195,GUN_HOLSTERS,196,GUN_HOLSTERS,194,GUN_HOLSTERS,192,GUN_HOLSTERS,196,GUN_HOLSTERS,196,GUN_HOLSTERS,194,GUN_HOLSTERS,196,GUN_HOLSTERS,196,GUN_HOLSTERS,197,GUN_HOLSTERS,196,GUN_HOLSTERS,197,GUN_HOLSTERS,196,GUN_HOLSTERS,198,GUN_HOLSTERS,195,GUN_HOLSTERS,197,GUN_HOLSTERS,197,GUN_HOLSTERS,195,GUN_HOLSTERS,198,GUN_HOLSTERS,197,GUN_HOLSTERS,195,GUN_HOLSTERS,197,GUN_HOLSTERS,197,GUN_HOLSTERS,197,GUN_HOLSTERS,193,GUN_HOLSTERS,196
GYM_GLOVES,192,GYM_GLOVES,189,GYM_GLOVES,189,GYM_GLOVES,192,GYM_GLOVES,192,GYM_GLOVES,190,GYM_GLOVES,192,GYM_GLOVES,191,GYM_GLOVES,191,GYM_GLOVES,192,GYM_GLOVES,191,GYM_GLOVES,192,GYM_GLOVES,192,GYM_GLOVES,192,GYM_GLOVES,193,GYM_GLOVES,194,GYM_GLOVES,192,GYM_GLOVES,192,GYM_GLOVES,193,GYM_GLOVES,187,GYM_GLOVES,192,GYM_GLOVES,192,GYM_GLOVES,191,GYM_GLOVES,180,GYM_GLOVES,192,GYM_GLOVES,192,GYM_GLOVES,190,GYM_GLOVES,180
HAIR_BRUSHES,222,HAIR_BRUSHES,219,HAIR_BRUSHES,221,HAIR_BRUSHES,222,HAIR_BRUSHES,222,HAIR_BRUSHES,217,HAIR_BRUSHES,222,HAIR_BRUSHES,221,HAIR_BRUSHES,223,HAIR_BRUSHES,222,HAIR_BRUSHES,221,HAIR_BRUSHES,222,HAIR_BRUSHES,221,HAIR_BRUSHES,222,HAIR_BRUSHES,222,HAIR_BRUSHES,224,HAIR_BRUSHES,222,HAIR_BRUSHES,222,HAIR_BRUSHES,221,HAIR_BRUSHES,222,HAIR_BRUSHES,220,HAIR_BRUSHES,222,HAIR_BRUSHES,220,HAIR_BRUSHES,220,HAIR_BRUSHES,222,HAIR_BRUSHES,223,HAIR_BRUSHES,224,HAIR_BRUSHES,216
HAND_POLISHERS,163,HAND_POLISHERS,159,HAND_POLISHERS,169,HAND_POLISHERS,165,HAND_POLISHERS,163,HAND_POLISHERS,156,HAND_POLISHERS,165,HAND_POLISHERS,169,HAND_POLISHERS,164,HAND_POLISHERS,168,HAND_POLISHERS,169,HAND_POLISHERS,165,HAND_POLISHERS,166,HAND_POLISHERS,165,HAND_POLISHERS,165,HAND_POLISHERS,167,HAND_POLISHERS,163,HAND_POLISHERS,164,HAND_POLISHERS,164,HAND_POLISHERS,162,HAND_POLISHERS,165,HAND_POLISHERS,165,HAND_POLISHERS,167,HAND_POLISHERS,167,HAND_POLISHERS,165,HAND_POLISHERS,165,HAND_POLISHERS,174,HAND_POLISHERS,163
HOME_SHELVES,179,HOME_SHELVES,182,HOME_SHELVES,184,HOME_SHELVES,180,HOME_SHELVES,180,HOME_SHELVES,187,HOME_SHELVES,180,HOME_SHELVES,176,HOME_SHELVES,179,HOME_SHELVES,184,HOME_SHELVES,176,HOME_SHELVES,179,HOME_SHELVES,176,HOME_SHELVES,180,HOME_SHELVES,179,HOME_SHELVES,187,HOME_SHELVES,176,HOME_SHELVES,178,HOME_SHELVES,177,HOME_SHELVES,179,HOME_SHELVES,182,HOME_SHELVES,179,HOME_SHELVES,184,HOME_SHELVES,195,HOME_SHELVES,179,HOME_SHELVES,180,HOME_SHELVES,169,HOME_SHELVES,195
ICE_BUCKETS,183,ICE_BUCKETS,187,ICE_BUCKETS,180,ICE_BUCKETS,186,ICE_BUCKETS,185,ICE_BUCKETS,183,ICE_BUCKETS,186,ICE_BUCKETS,183,ICE_BUCKETS,187,ICE_BUCKETS,188,ICE_BUCKETS,183,ICE_BUCKETS,186,ICE_BUCKETS,183,ICE_BUCKETS,186,ICE_BUCKETS,186,ICE_BUCKETS,187,ICE_BUCKETS,186,ICE_BUCKETS,187,ICE_BUCKETS,186,ICE_BUCKETS,186,ICE_BUCKETS,187,ICE_BUCKETS,186,ICE_BUCKETS,187,ICE_BUCKETS,186,ICE_BUCKETS,187,ICE_BUCKETS,186,ICE_BUCKETS,177,ICE_BUCKETS,187
INTERCOOLER_HOSES,201,INTERCOOLER_HOSES,188,INTERCOOLER_HOSES,184,INTERCOOLER_HOSES,196,INTERCOOLER_HOSES,200,INTERCOOLER_HOSES,195,INTERCOOLER_HOSES,196,INTERCOOLER_HOSES,195,INTERCOOLER_HOSES,189,INTERCOOLER_HOSES,197,INTERCOOLER_HOSES,195,INTERCOOLER_HOSES,195,INTERCOOLER_HOSES,203,INTERCOOLER_HOSES,195,INTERCOOLER_HOSES,200,INTERCOOLER_HOSES,201,INTERCOOLER_HOSES,197,INTERCOOLER_HOSES,195,INTERCOOLER_HOSES,197,INTERCOOLER_HOSES,190,INTERCOOLER_HOSES,199,INTERCOOLER_HOSES,196,INTERCOOLER_HOSES,188,INTERCOOLER_HOSES,211,INTERCOOLER_HOSES,195,INTERCOOLER_HOSES,195,INTERCOOLER_HOSES,192,INTERCOOLER_HOSES,198
IRONS,199,IRONS,197,IRONS,192,IRONS,197,IRONS,201,IRONS,201,IRONS,196,IRONS,196,IRONS,197,IRONS,198,IRONS,196,IRONS,196,IRONS,195,IRONS,197,IRONS,196,IRONS,194,IRONS,198,IRONS,196,IRONS,198,IRONS,195,IRONS,196,IRONS,196,IRONS,197,IRONS,194,IRONS,197,IRONS,196,IRONS,196,IRONS,191
KEY_RACKS,210,KEY_RACKS,193,KEY_RACKS,219,KEY_RACKS,204,KEY_RACKS,212,KEY_RACKS,196,KEY_RACKS,204,KEY_RACKS,213,KEY_RACKS,196,KEY_RACKS,201,KEY_RACKS,213,KEY_RACKS,205,KEY_RACKS,207,KEY_RACKS,204,KEY_RACKS,202,KEY_RACKS,206,KEY_RACKS,207,KEY_RACKS,204,KEY_RACKS,208,KEY_RACKS,195,KEY_RACKS,199,KEY_RACKS,205,KEY_RACKS,190,KEY_RACKS,201,KEY_RACKS,203,KEY_RACKS,206,KEY_RACKS,223,KEY_RACKS,203
KITCHEN_RANGE_HOODS,193,KITCHEN_RANGE_HOODS,193,KITCHEN_RANGE_HOODS,192,KITCHEN_RANGE_HOODS,190,KITCHEN_RANGE_HOODS,192,KITCHEN_RANGE_HOODS,192,KITCHEN_RANGE_HOODS,190,KITCHEN_RANGE_HOODS,189,KITCHEN_RANGE_HOODS,195,KITCHEN_RANGE_HOODS,190,KITCHEN_RANGE_HOODS,189,KITCHEN_RANGE_HOODS,190,KITCHEN_RANGE_HOODS,191,KITCHEN_RANGE_HOODS,190,KITCHEN_RANGE_HOODS,189,KITCHEN_RANGE_HOODS,189,KITCHEN_RANGE_HOODS,192,KITCHEN_RANGE_HOODS,190,KITCHEN_RANGE_HOODS,191,KITCHEN_RANGE_HOODS,195,KITCHEN_RANGE_HOODS,191,KITCHEN_RANGE_HOODS,190,KITCHEN_RANGE_HOODS,195,KITCHEN_RANGE_HOODS,192,KITCHEN_RANGE_HOODS,190,KITCHEN_RANGE_HOODS,190,KITCHEN_RANGE_HOODS,191,KITCHEN_RANGE_HOODS,194
LED_STAGE_LIGHTS,228,LED_STAGE_LIGHTS,226,LED_STAGE_LIGHTS,227,LED_STAGE_LIGHTS,230,LED_STAGE_LIGHTS,233,LED_STAGE_LIGHTS,224,LED_STAGE_LIGHTS,230,LED_STAGE_LIGHTS,227,LED_STAGE_LIGHTS,224,LED_STAGE_LIGHTS,230,LED_STAGE_LIGHTS,227,LED_STAGE_LIGHTS,230,LED_STAGE_LIGHTS,226,LED_STAGE_LIGHTS,230,LED_STAGE_LIGHTS,234,LED_STAGE_LIGHTS,230,LED_STAGE_LIGHTS,230,LED_STAGE_LIGHTS,230,LED_STAGE_LIGHTS,229,LED_STAGE_LIGHTS,222,LED_STAGE_LIGHTS,228,LED_STAGE_LIGHTS,230,LED_STAGE_LIGHTS,223,LED_STAGE_LIGHTS,234,LED_STAGE_LIGHTS,230,LED_STAGE_LIGHTS,230,LED_STAGE_LIGHTS,224,LED_STAGE_LIGHTS,233
LENS_FILTERS,157,LENS_FILTERS,153,LENS_FILTERS,160,LENS_FILTERS,156,LENS_FILTERS,157,LENS_FILTERS,153,LENS_FILTERS,156,LENS_FILTERS,158,LENS_FILTERS,160,LENS_FILTERS,155,LENS_FILTERS,158,LENS_FILTERS,157,LENS_FILTERS,158,LENS_FILTERS,156,LENS_FILTERS,156,LENS_FILTERS,154,LENS_FILTERS,158,LENS_FILTERS,156,LENS_FILTERS,157,LENS_FILTERS,158,LENS_FILTERS,154,LENS_FILTERS,156,LENS_FILTERS,160,LENS_FILTERS,151,LENS_FILTERS,156,LENS_FILTERS,157,LENS_FILTERS,153,LENS_FILTERS,162
LIGHTERS,220,LIGHTERS,218,LIGHTERS,217,LIGHTERS,222,LIGHTERS,216,LIGHTERS,217,LIGHTERS,220,LIGHTERS,220,LIGHTERS,222,LIGHTERS,225,LIGHTERS,220,LIGHTERS,221,LIGHTERS,222,LIGHTERS,220,LIGHTERS,221,LIGHTERS,224,LIGHTERS,218,LIGHTERS,222,LIGHTERS,218,LIGHTERS,220,LIGHTERS,218,LIGHTERS,220,LIGHTERS,215,LIGHTERS,220,LIGHTERS,221,LIGHTERS,221,LIGHTERS,214,LIGHTERS,225
MAKEUP_REMOVERS,180,MAKEUP_REMOVERS,179,MAKEUP_REMOVERS,179,MAKEUP_REMOVERS,180,MAKEUP_REMOVERS,180,MAKEUP_REMOVERS,178,MAKEUP_REMOVERS,181,MAKEUP_REMOVERS,182,MAKEUP_REMOVERS,179,MAKEUP_REMOVERS,181,MAKEUP_REMOVERS,182,MAKEUP_REMOVERS,181,MAKEUP_REMOVERS,181,MAKEUP_REMOVERS,181,MAKEUP_REMOVERS,182,MAKEUP_REMOVERS,181,MAKEUP_REMOVERS,181,MAKEUP_REMOVERS,181,MAKEUP_REMOVERS,181,MAKEUP_REMOVERS,178,MAKEUP_REMOVERS,182,MAKEUP_REMOVERS,181,MAKEUP_REMOVERS,177,MAKEUP_REMOVERS,172,MAKEUP_REMOVERS,181,MAKEUP_REMOVERS,181,MAKEUP_REMOVERS,184,MAKEUP_REMOVERS,169
MEN_SWIMWEAR,171,MEN_SWIMWEAR,172,MEN_SWIMWEAR,170,MEN_SWIMWEAR,172,MEN_SWIMWEAR,171,MEN_SWIMWEAR,175,MEN_SWIMWEAR,170,MEN_SWIMWEAR,171,MEN_SWIMWEAR,171,MEN_SWIMWEAR,170,MEN_SWIMWEAR,171,MEN_SWIMWEAR,170,MEN_SWIMWEAR,170,MEN_SWIMWEAR,170,MEN_SWIMWEAR,172,MEN_SWIMWEAR,170,MEN_SWIMWEAR,173,MEN_SWIMWEAR,171,MEN_SWIMWEAR,173,MEN_SWIMWEAR,171,MEN_SWIMWEAR,169,MEN_SWIMWEAR,170,MEN_SWIMWEAR,174,MEN_SWIMWEAR,178,MEN_SWIMWEAR,171,MEN_SWIMWEAR,170,MEN_SWIMWEAR,170,MEN_SWIMWEAR,174
MICROCONTROLLERS,161,MICROCONTROLLERS,133,MICROCONTROLLERS,146,MICROCONTROLLERS,133,MICROCONTROLLERS,156,MICROCONTROLLERS,133,MICROCONTROLLERS,135,MICROCONTROLLERS,136,MICROCONTROLLERS,132,MICROCONTROLLERS,133,MICROCONTROLLERS,136,MICROCONTROLLERS,133,MICROCONTROLLERS,134,MICROCONTROLLERS,133,MICROCONTROLLERS,133,MICROCONTROLLERS,144,MICROCONTROLLERS,133,MICROCONTROLLERS,134,MICROCONTROLLERS,129,MICROCONTROLLERS,131,MICROCONTROLLERS,135,MICROCONTROLLERS,134,MICROCONTROLLERS,128,MICROCONTROLLERS,153,MICROCONTROLLERS,133,MICROCONTROLLERS,133,MICROCONTROLLERS,179,MICROCONTROLLERS,132
MOTORCYCLE_BATTERIES,242,MOTORCYCLE_BATTERIES,237,MOTORCYCLE_BATTERIES,242,MOTORCYCLE_BATTERIES,237,MOTORCYCLE_BATTERIES,242,MOTORCYCLE_BATTERIES,236,MOTORCYCLE_BATTERIES,237,MOTORCYCLE_BATTERIES,240,MOTORCYCLE_BATTERIES,235,MOTORCYCLE_BATTERIES,237,MOTORCYCLE_BATTERIES,240,MOTORCYCLE_BATTERIES,237,MOTORCYCLE_BATTERIES,237,MOTORCYCLE_BATTERIES,237,MOTORCYCLE_BATTERIES,237,MOTORCYCLE_BATTERIES,238,MOTORCYCLE_BATTERIES,240,MOTORCYCLE_BATTERIES,237,MOTORCYCLE_BATTERIES,240,MOTORCYCLE_BATTERIES,235,MOTORCYCLE_BATTERIES,237,MOTORCYCLE_BATTERIES,237,MOTORCYCLE_BATTERIES,235,MOTORCYCLE_BATTERIES,236,MOTORCYCLE_BATTERIES,237,MOTORCYCLE_BATTERIES,237,MOTORCYCLE_BATTERIES,242,MOTORCYCLE_BATTERIES,233
MOTORCYCLE_CRASH_BARS,196,MOTORCYCLE_CRASH_BARS,191,MOTORCYCLE_CRASH_BARS,197,MOTORCYCLE_CRASH_BARS,192,MOTORCYCLE_CRASH_BARS,197,MOTORCYCLE_CRASH_BARS,198,MOTORCYCLE_CRASH_BARS,193,MOTORCYCLE_CRASH_BARS,197,MOTORCYCLE_CRASH_BARS,192,MOTORCYCLE_CRASH_BARS,193,MOTORCYCLE_CRASH_BARS,197,MOTORCYCLE_CRASH_BARS,192,MOTORCYCLE_CRASH_BARS,195,MOTORCYCLE_CRASH_BARS,192,MOTORCYCLE_CRASH_BARS,191,MOTORCYCLE_CRASH_BARS,196,MOTORCYCLE_CRASH_BARS,196,MOTORCYCLE_CRASH_BARS,192,MOTORCYCLE_CRASH_BARS,196,MOTORCYCLE_CRASH_BARS,192,MOTORCYCLE_CRASH_BARS,190,MOTORCYCLE_CRASH_BARS,192,MOTORCYCLE_CRASH_BARS,192,MOTORCYCLE_CRASH_BARS,192,MOTORCYCLE_CRASH_BARS,192,MOTORCYCLE_CRASH_BARS,192,MOTORCYCLE_CRASH_BARS,200,MOTORCYCLE_CRASH_BARS,188
MOTORCYCLE_FENDERS,211,MOTORCYCLE_FENDERS,219,MOTORCYCLE_FENDERS,215,MOTORCYCLE_FENDERS,214,MOTORCYCLE_FENDERS,210,MOTORCYCLE_FENDERS,209,MOTORCYCLE_FENDERS,215,MOTORCYCLE_FENDERS,212,MOTORCYCLE_FENDERS,217,MOTORCYCLE_FENDERS,218,MOTORCYCLE_FENDERS,212,MOTORCYCLE_FENDERS,214,MOTORCYCLE_FENDERS,216,MOTORCYCLE_FENDERS,215,MOTORCYCLE_FENDERS,217,MOTORCYCLE_FENDERS,211,MOTORCYCLE_FENDERS,212,MOTORCYCLE_FENDERS,214,MOTORCYCLE_FENDERS,211,MOTORCYCLE_FENDERS,221,MOTORCYCLE_FENDERS,222,MOTORCYCLE_FENDERS,214,MOTORCYCLE_FENDERS,219,MOTORCYCLE_FENDERS,218,MOTORCYCLE_FENDERS,215,MOTORCYCLE_FENDERS,216,MOTORCYCLE_FENDERS,212,MOTORCYCLE_FENDERS,216
MOTORCYCLE_JERSEYS,218,MOTORCYCLE_JERSEYS,221,MOTORCYCLE_JERSEYS,220,MOTORCYCLE_JERSEYS,220,MOTORCYCLE_JERSEYS,218,MOTORCYCLE_JERSEYS,218,MOTORCYCLE_JERSEYS,222,MOTORCYCLE_JERSEYS,219,MOTORCYCLE_JERSEYS,220,MOTORCYCLE_JERSEYS,220,MOTORCYCLE_JERSEYS,219,MOTORCYCLE_JERSEYS,220,MOTORCYCLE_JERSEYS,221,MOTORCYCLE_JERSEYS,220,MOTORCYCLE_JERSEYS,221,MOTORCYCLE_JERSEYS,220,MOTORCYCLE_JERSEYS,219,MOTORCYCLE_JERSEYS,220,MOTORCYCLE_JERSEYS,219,MOTORCYCLE_JERSEYS,219,MOTORCYCLE_JERSEYS,221,MOTORCYCLE_JERSEYS,220,MOTORCYCLE_JERSEYS,222,MOTORCYCLE_JERSEYS,221,MOTORCYCLE_JERSEYS,220,MOTORCYCLE_JERSEYS,220,MOTORCYCLE_JERSEYS,217,MOTORCYCLE_JERSEYS,218
MOTORCYCLE_STARTER_MOTORS,204,MOTORCYCLE_STARTER_MOTORS,198,MOTORCYCLE_STARTER_MOTORS,199,MOTORCYCLE_STARTER_MOTORS,199,MOTORCYCLE_STARTER_MOTORS,199,MOTORCYCLE_STARTER_MOTORS,212,MOTORCYCLE_STARTER_MOTORS,199,MOTORCYCLE_STARTER_MOTORS,199,MOTORCYCLE_STARTER_MOTORS,198,MOTORCYCLE_STARTER_MOTORS,199,MOTORCYCLE_STARTER_MOTORS,199,MOTORCYCLE_STARTER_MOTORS,199,MOTORCYCLE_STARTER_MOTORS,199,MOTORCYCLE_STARTER_MOTORS,200,MOTORCYCLE_STARTER_MOTORS,200,MOTORCYCLE_STARTER_MOTORS,199,MOTORCYCLE_STARTER_MOTORS,201,MOTORCYCLE_STARTER_MOTORS,199,MOTORCYCLE_STARTER_MOTORS,200,MOTORCYCLE_STARTER_MOTORS,197,MOTORCYCLE_STARTER_MOTORS,200,MOTORCYCLE_STARTER_MOTORS,199,MOTORCYCLE_STARTER_MOTORS,198,MOTORCYCLE_STARTER_MOTORS,201,MOTORCYCLE_STARTER_MOTORS,199,MOTORCYCLE_STARTER_MOTORS,199,MOTORCYCLE_STARTER_MOTORS,199,MOTORCYCLE_STARTER_MOTORS,199
MUSICAL_TUNERS,197,MUSICAL_TUNERS,194,MUSICAL_TUNERS,191,MUSICAL_TUNERS,196,MUSICAL_TUNERS,198,MUSICAL_TUNERS,194,MUSICAL_TUNERS,196,MUSICAL_TUNERS,195,MUSICAL_TUNERS,195,MUSICAL_TUNERS,195,MUSICAL_TUNERS,195,MUSICAL_TUNERS,196,MUSICAL_TUNERS,198,MUSICAL_TUNERS,196,MUSICAL_TUNERS,194,MUSICAL_TUNERS,195,MUSICAL_TUNERS,199,MUSICAL_TUNERS,196,MUSICAL_TUNERS,199,MUSICAL_TUNERS,194,MUSICAL_TUNERS,195,MUSICAL_TUNERS,196,MUSICAL_TUNERS,193,MUSICAL_TUNERS,189,MUSICAL_TUNERS,196,MUSICAL_TUNERS,196,MUSICAL_TUNERS,196,MUSICAL_TUNERS,189
PADLOCKS,178,PADLOCKS,178,PADLOCKS,178,PADLOCKS,180,PADLOCKS,178,PADLOCKS,179,PADLOCKS,180,PADLOCKS,178,PADLOCKS,180,PADLOCKS,177,PADLOCKS,178,PADLOCKS,180,PADLOCKS,178,PADLOCKS,180,PADLOCKS,180,PADLOCKS,177,PADLOCKS,178,PADLOCKS,180,PADLOCKS,177,PADLOCKS,184,PADLOCKS,178,PADLOCKS,180,PADLOCKS,181,PADLOCKS,176,PADLOCKS,180,PADLOCKS,180,PADLOCKS,178,PADLOCKS,181
PANTS,287,PANTS,282,PANTS,278,PANTS,281,PANTS,285,PANTS,285,PANTS,282,PANTS,281,PANTS,278,PANTS,280,PANTS,281,PANTS,283,PANTS,283,PANTS,283,PANTS,280,PANTS,278,PANTS,285,PANTS,282,PANTS,285,PANTS,283,PANTS,280,PANTS,283,PANTS,278,PANTS,278,PANTS,282,PANTS,283,PANTS,281,PANTS,279
PARTY_HATS,203,PARTY_HATS,205,PARTY_HATS,204,PARTY_HATS,201,PARTY_HATS,204,PARTY_HATS,202,PARTY_HATS,202,PARTY_HATS,200,PARTY_HATS,201,PARTY_HATS,205,PARTY_HATS,200,PARTY_HATS,202,PARTY_HATS,203,PARTY_HATS,202,PARTY_HATS,203,PARTY_HATS,204,PARTY_HATS,203,PARTY_HATS,202,PARTY_HATS,202,PARTY_HATS,209,PARTY_HATS,206,PARTY_HATS,202,PARTY_HATS,204,PARTY_HATS,198,PARTY_HATS,202,PARTY_HATS,202,PARTY_HATS,201,PARTY_HATS,194
PET_COLLARS,213,PET_COLLARS,205,PET_COLLARS,199,PET_COLLARS,207,PET_COLLARS,212,PET_COLLARS,214,PET_COLLARS,207,PET_COLLARS,203,PET_COLLARS,206,PET_COLLARS,204,PET_COLLARS,203,PET_COLLARS,207,PET_COLLARS,205,PET_COLLARS,207,PET_COLLARS,208,PET_COLLARS,203,PET_COLLARS,211,PET_COLLARS,207,PET_COLLARS,211,PET_COLLARS,208,PET_COLLARS,208,PET_COLLARS,207,PET_COLLARS,204,PET_COLLARS,196,PET_COLLARS,207,PET_COLLARS,207,PET_COLLARS,198,PET_COLLARS,199
POOL_LIGHTS,176,POOL_LIGHTS,180,POOL_LIGHTS,177,POOL_LIGHTS,179,POOL_LIGHTS,177,POOL_LIGHTS,181,POOL_LIGHTS,180,POOL_LIGHTS,180,POOL_LIGHTS,181,POOL_LIGHTS,180,POOL_LIGHTS,180,POOL_LIGHTS,180,POOL_LIGHTS,178,POOL_LIGHTS,179,POOL_LIGHTS,179,POOL_LIGHTS,178,POOL_LIGHTS,179,POOL_LIGHTS,180,POOL_LIGHTS,179,POOL_LIGHTS,183,POOL_LIGHTS,179,POOL_LIGHTS,179,POOL_LIGHTS,182,POOL_LIGHTS,178,POOL_LIGHTS,179,POOL_LIGHTS,179,POOL_LIGHTS,182,POOL_LIGHTS,174
POWER_STEERING_HOSES,215,POWER_STEERING_HOSES,220,POWER_STEERING_HOSES,224,POWER_STEERING_HOSES,216,POWER_STEERING_HOSES,217,POWER_STEERING_HOSES,220,POWER_STEERING_HOSES,218,POWER_STEERING_HOSES,218,POWER_STEERING_HOSES,217,POWER_STEERING_HOSES,219,POWER_STEERING_HOSES,218,POWER_STEERING_HOSES,217,POWER_STEERING_HOSES,216,POWER_STEERING_HOSES,217,POWER_STEERING_HOSES,216,POWER_STEERING_HOSES,217,POWER_STEERING_HOSES,217,POWER_STEERING_HOSES,217,POWER_STEERING_HOSES,219,POWER_STEERING_HOSES,220,POWER_STEERING_HOSES,218,POWER_STEERING_HOSES,217,POWER_STEERING_HOSES,219,POWER_STEERING_HOSES,221,POWER_STEERING_HOSES,217,POWER_STEERING_HOSES,217,POWER_STEERING_HOSES,221,POWER_STEERING_HOSES,223
PROTECTION_NETS,233,PROTECTION_NETS,311,PROTECTION_NETS,233,PROTECTION_NETS,239,PROTECTION_NETS,234,PROTECTION_NETS,352,PROTECTION_NETS,239,PROTECTION_NETS,239,PROTECTION_NETS,319,PROTECTION_NETS,242,PROTECTION_NETS,239,PROTECTION_NETS,239,PROTECTION_NETS,241,PROTECTION_NETS,239,PROTECTION_NETS,238,PROTECTION_NETS,235,PROTECTION_NETS,281,PROTECTION_NETS,239,PROTECTION_NETS,273,PROTECTION_NETS,291,PROTECTION_NETS,241,PROTECTION_NETS,239,PROTECTION_NETS,309,PROTECTION_NETS,284,PROTECTION_NETS,240,PROTECTION_NETS,239,PROTECTION_NETS,238,PROTECTION_NETS,423
PUSH_AND_RIDING_TOYS,193,PUSH_AND_RIDING_TOYS,186,PUSH_AND_RIDING_TOYS,201,PUSH_AND_RIDING_TOYS,191,PUSH_AND_RIDING_TOYS,191,PUSH_AND_RIDING_TOYS,184,PUSH_AND_RIDING_TOYS,190,PUSH_AND_RIDING_TOYS,222,PUSH_AND_RIDING_TOYS,189,PUSH_AND_RIDING_TOYS,187,PUSH_AND_RIDING_TOYS,222,PUSH_AND_RIDING_TOYS,193,PUSH_AND_RIDING_TOYS,199,PUSH_AND_RIDING_TOYS,193,PUSH_AND_RIDING_TOYS,189,PUSH_AND_RIDING_TOYS,198,PUSH_AND_RIDING_TOYS,190,PUSH_AND_RIDING_TOYS,191,PUSH_AND_RIDING_TOYS,190,PUSH_AND_RIDING_TOYS,184,PUSH_AND_RIDING_TOYS,190,PUSH_AND_RIDING_TOYS,191,PUSH_AND_RIDING_TOYS,186,PUSH_AND_RIDING_TOYS,194,PUSH_AND_RIDING_TOYS,193,PUSH_AND_RIDING_TOYS,192,PUSH_AND_RIDING_TOYS,214,PUSH_AND_RIDING_TOYS,183
ROLLER_SKATES,251,ROLLER_SKATES,256,ROLLER_SKATES,250,ROLLER_SKATES,253,ROLLER_SKATES,251,ROLLER_SKATES,254,ROLLER_SKATES,253,ROLLER_SKATES,250,ROLLER_SKATES,257,ROLLER_SKATES,257,ROLLER_SKATES,250,ROLLER_SKATES,253,ROLLER_SKATES,251,ROLLER_SKATES,253,ROLLER_SKATES,252,ROLLER_SKATES,254,ROLLER_SKATES,254,ROLLER_SKATES,253,ROLLER_SKATES,252,ROLLER_SKATES,253,ROLLER_SKATES,255,ROLLER_SKATES,252,ROLLER_SKATES,257,ROLLER_SKATES,255,ROLLER_SKATES,252,ROLLER_SKATES,252,ROLLER_SKATES,249,ROLLER_SKATES,256
SCOOTERS,162,SCOOTERS,163,SCOOTERS,170,SCOOTERS,163,SCOOTERS,163,SCOOTERS,167,SCOOTERS,163,SCOOTERS,162,SCOOTERS,161,SCOOTERS,160,SCOOTERS,162,SCOOTERS,163,SCOOTERS,162,SCOOTERS,162,SCOOTERS,166,SCOOTERS,164,SCOOTERS,161,SCOOTERS,163,SCOOTERS,162,SCOOTERS,169,SCOOTERS,161,SCOOTERS,163,SCOOTERS,169,SCOOTERS,171,SCOOTERS,162,SCOOTERS,162,SCOOTERS,160,SCOOTERS,166
SOFA_AND_FUTON_COVERS,199,SOFA_AND_FUTON_COVERS,199,SOFA_AND_FUTON_COVERS,199,SOFA_AND_FUTON_COVERS,200,SOFA_AND_FUTON_COVERS,198,SOFA_AND_FUTON_COVERS,198,SOFA_AND_FUTON_COVERS,200,SOFA_AND_FUTON_COVERS,198,SOFA_AND_FUTON_COVERS,197,SOFA_AND_FUTON_COVERS,197,SOFA_AND_FUTON_COVERS,198,SOFA_AND_FUTON_COVERS,198,SOFA_AND_FUTON_COVERS,197,SOFA_AND_FUTON_COVERS,197,SOFA_AND_FUTON_COVERS,199,SOFA_AND_FUTON_COVERS,197,SOFA_AND_FUTON_COVERS,197,SOFA_AND_FUTON_COVERS,198,SOFA_AND_FUTON_COVERS,197,SOFA_AND_FUTON_COVERS,200,SOFA_AND_FUTON_COVERS,198,SOFA_AND_FUTON_COVERS,198,SOFA_AND_FUTON_COVERS,199,SOFA_AND_FUTON_COVERS,198,SOFA_AND_FUTON_COVERS,198,SOFA_AND_FUTON_COVERS,197,SOFA_AND_FUTON_COVERS,199,SOFA_AND_FUTON_COVERS,195
SOLDERING_MACHINES,204,SOLDERING_MACHINES,205,SOLDERING_MACHINES,204,SOLDERING_MACHINES,203,SOLDERING_MACHINES,205,SOLDERING_MACHINES,206,SOLDERING_MACHINES,206,SOLDERING_MACHINES,205,SOLDERING_MACHINES,206,SOLDERING_MACHINES,203,SOLDERING_MACHINES,205,SOLDERING_MACHINES,205,SOLDERING_MACHINES,205,SOLDERING_MACHINES,205,SOLDERING_MACHINES,204,SOLDERING_MACHINES,204,SOLDERING_MACHINES,204,SOLDERING_MACHINES,204,SOLDERING_MACHINES,204,SOLDERING_MACHINES,207,SOLDERING_MACHINES,204,SOLDERING_MACHINES,205,SOLDERING_MACHINES,203,SOLDERING_MACHINES,207,SOLDERING_MACHINES,204,SOLDERING_MACHINES,205,SOLDERING_MACHINES,204,SOLDERING_MACHINES,207
STABILIZERS_AND_UPS,212,STABILIZERS_AND_UPS,214,STABILIZERS_AND_UPS,212,STABILIZERS_AND_UPS,212,STABILIZERS_AND_UPS,211,STABILIZERS_AND_UPS,212,STABILIZERS_AND_UPS,212,STABILIZERS_AND_UPS,212,STABILIZERS_AND_UPS,214,STABILIZERS_AND_UPS,211,STABILIZERS_AND_UPS,212,STABILIZERS_AND_UPS,212,STABILIZERS_AND_UPS,211,STABILIZERS_AND_UPS,212,STABILIZERS_AND_UPS,213,STABILIZERS_AND_UPS,212,STABILIZERS_AND_UPS,213,STABILIZERS_AND_UPS,212,STABILIZERS_AND_UPS,212,STABILIZERS_AND_UPS,212,STABILIZERS_AND_UPS,211,STABILIZERS_AND_UPS,212,STABILIZERS_AND_UPS,216,STABILIZERS_AND_UPS,211,STABILIZERS_AND_UPS,212,STABILIZERS_AND_UPS,212,STABILIZERS_AND_UPS,212,STABILIZERS_AND_UPS,209
STRAWS,170,STRAWS,171,STRAWS,168,STRAWS,174,STRAWS,170,STRAWS,167,STRAWS,175,STRAWS,172,STRAWS,173,STRAWS,175,STRAWS,172,STRAWS,173,STRAWS,171,STRAWS,174,STRAWS,175,STRAWS,175,STRAWS,171,STRAWS,174,STRAWS,171,STRAWS,173,STRAWS,175,STRAWS,173,STRAWS,173,STRAWS,170,STRAWS,173,STRAWS,174,STRAWS,168,STRAWS,166
SUITCASES,269,SUITCASES,265,SUITCASES,271,SUITCASES,266,SUITCASES,266,SUITCASES,268,SUITCASES,266,SUITCASES,268,SUITCASES,266,SUITCASES,266,SUITCASES,268,SUITCASES,266,SUITCASES,267,SUITCASES,266,SUITCASES,266,SUITCASES,267,SUITCASES,266,SUITCASES,266,SUITCASES,266,SUITCASES,267,SUITCASES,266,SUITCASES,266,SUITCASES,267,SUITCASES,267,SUITCASES,266,SUITCASES,266,SUITCASES,271,SUITCASES,263
SWAY_BARS,156,SWAY_BARS,154,SWAY_BARS,164,SWAY_BARS,157,SWAY_BARS,156,SWAY_BARS,158,SWAY_BARS,157,SWAY_BARS,159,SWAY_BARS,153,SWAY_BARS,155,SWAY_BARS,159,SWAY_BARS,156,SWAY_BARS,158,SWAY_BARS,156,SWAY_BARS,157,SWAY_BARS,156,SWAY_BARS,158,SWAY_BARS,157,SWAY_BARS,157,SWAY_BARS,154,SWAY_BARS,155,SWAY_BARS,156,SWAY_BARS,152,SWAY_BARS,159,SWAY_BARS,156,SWAY_BARS,156,SWAY_BARS,164,SWAY_BARS,159
THERMAL_CUPS_AND_TUMBLERS,230,THERMAL_CUPS_AND_TUMBLERS,228,THERMAL_CUPS_AND_TUMBLERS,227,THERMAL_CUPS_AND_TUMBLERS,227,THERMAL_CUPS_AND_TUMBLERS,229,THERMAL_CUPS_AND_TUMBLERS,230,THERMAL_CUPS_AND_TUMBLERS,227,THERMAL_CUPS_AND_TUMBLERS,229,THERMAL_CUPS_AND_TUMBLERS,227,THERMAL_CUPS_AND_TUMBLERS,226,THERMAL_CUPS_AND_TUMBLERS,229,THERMAL_CUPS_AND_TUMBLERS,227,THERMAL_CUPS_AND_TUMBLERS,231,THERMAL_CUPS_AND_TUMBLERS,227,THERMAL_CUPS_AND_TUMBLERS,227,THERMAL_CUPS_AND_TUMBLERS,227,THERMAL_CUPS_AND_TUMBLERS,228,THERMAL_CUPS_AND_TUMBLERS,227,THERMAL_CUPS_AND_TUMBLERS,227,THERMAL_CUPS_AND_TUMBLERS,228,THERMAL_CUPS_AND_TUMBLERS,225,THERMAL_CUPS_AND_TUMBLERS,227,THERMAL_CUPS_AND_TUMBLERS,228,THERMAL_CUPS_AND_TUMBLERS,222,THERMAL_CUPS_AND_TUMBLERS,227,THERMAL_CUPS_AND_TUMBLERS,227,THERMAL_CUPS_AND_TUMBLERS,229,THERMAL_CUPS_AND_TUMBLERS,227
TOILET_RUGS,231,TOILET_RUGS,237,TOILET_RUGS,230,TOILET_RUGS,231,TOILET_RUGS,232,TOILET_RUGS,233,TOILET_RUGS,231,TOILET_RUGS,232,TOILET_RUGS,235,TOILET_RUGS,233,TOILET_RUGS,232,TOILET_RUGS,231,TOILET_RUGS,230,TOILET_RUGS,231,TOILET_RUGS,232,TOILET_RUGS,231,TOILET_RUGS,232,TOILET_RUGS,231,TOILET_RUGS,234,TOILET_RUGS,237,TOILET_RUGS,235,TOILET_RUGS,231,TOILET_RUGS,234,TOILET_RUGS,230,TOILET_RUGS,231,TOILET_RUGS,231,TOILET_RUGS,230,TOILET_RUGS,232
TOILET_SEATS,228,TOILET_SEATS,229,TOILET_SEATS,233,TOILET_SEATS,230,TOILET_SEATS,229,TOILET_SEATS,227,TOILET_SEATS,230,TOILET_SEATS,230,TOILET_SEATS,229,TOILET_SEATS,230,TOILET_SEATS,230,TOILET_SEATS,230,TOILET_SEATS,230,TOILET_SEATS,230,TOILET_SEATS,231,TOILET_SEATS,231,TOILET_SEATS,229,TOILET_SEATS,230,TOILET_SEATS,229,TOILET_SEATS,231,TOILET_SEATS,231,TOILET_SEATS,230,TOILET_SEATS,231,TOILET_SEATS,232,TOILET_SEATS,230,TOILET_SEATS,230,TOILET_SEATS,230,TOILET_SEATS,230
TOOL_BOXES,185,TOOL_BOXES,184,TOOL_BOXES,181,TOOL_BOXES,186,TOOL_BOXES,184,TOOL_BOXES,185,TOOL_BOXES,186,TOOL_BOXES,187,TOOL_BOXES,185,TOOL_BOXES,184,TOOL_BOXES,187,TOOL_BOXES,186,TOOL_BOXES,184,TOOL_BOXES,186,TOOL_BOXES,186,TOOL_BOXES,184,TOOL_BOXES,187,TOOL_BOXES,186,TOOL_BOXES,187,TOOL_BOXES,180,TOOL_BOXES,185,TOOL_BOXES,187,TOOL_BOXES,181,TOOL_BOXES,178,TOOL_BOXES,187,TOOL_BOXES,186,TOOL_BOXES,181,TOOL_BOXES,174
TOOTHBRUSHES,151,TOOTHBRUSHES,154,TOOTHBRUSHES,150,TOOTHBRUSHES,152,TOOTHBRUSHES,151,TOOTHBRUSHES,145,TOOTHBRUSHES,151,TOOTHBRUSHES,151,TOOTHBRUSHES,150,TOOTHBRUSHES,150,TOOTHBRUSHES,151,TOOTHBRUSHES,151,TOOTHBRUSHES,148,TOOTHBRUSHES,151,TOOTHBRUSHES,153,TOOTHBRUSHES,148,TOOTHBRUSHES,150,TOOTHBRUSHES,151,TOOTHBRUSHES,150,TOOTHBRUSHES,152,TOOTHBRUSHES,152,TOOTHBRUSHES,151,TOOTHBRUSHES,148,TOOTHBRUSHES,161,TOOTHBRUSHES,152,TOOTHBRUSHES,151,TOOTHBRUSHES,146,TOOTHBRUSHES,158
TOOTHPASTES,191,TOOTHPASTES,185,TOOTHPASTES,194,TOOTHPASTES,191,TOOTHPASTES,191,TOOTHPASTES,186,TOOTHPASTES,191,TOOTHPASTES,193,TOOTHPASTES,186,TOOTHPASTES,190,TOOTHPASTES,193,TOOTHPASTES,191,TOOTHPASTES,193,TOOTHPASTES,191,TOOTHPASTES,189,TOOTHPASTES,188,TOOTHPASTES,191,TOOTHPASTES,191,TOOTHPASTES,191,TOOTHPASTES,186,TOOTHPASTES,189,TOOTHPASTES,191,TOOTHPASTES,189,TOOTHPASTES,185,TOOTHPASTES,191,TOOTHPASTES,191,TOOTHPASTES,189,TOOTHPASTES,181
TV_ANTENNAS,169,TV_ANTENNAS,164,TV_ANTENNAS,159,TV_ANTENNAS,163,TV_ANTENNAS,165,TV_ANTENNAS,166,TV_ANTENNAS,166,TV_ANTENNAS,162,TV_ANTENNAS,163,TV_ANTENNAS,164,TV_ANTENNAS,162,TV_ANTENNAS,165,TV_ANTENNAS,170,TV_ANTENNAS,164,TV_ANTENNAS,161,TV_ANTENNAS,167,TV_ANTENNAS,167,TV_ANTENNAS,165,TV_ANTENNAS,167,TV_ANTENNAS,164,TV_ANTENNAS,162,TV_ANTENNAS,165,TV_ANTENNAS,161,TV_ANTENNAS,159,TV_ANTENNAS,164,TV_ANTENNAS,164,TV_ANTENNAS,166,TV_ANTENNAS,159
TV_RECEIVERS_AND_DECODERS,179,TV_RECEIVERS_AND_DECODERS,174,TV_RECEIVERS_AND_DECODERS,184,TV_RECEIVERS_AND_DECODERS,210,TV_RECEIVERS_AND_DECODERS,190,TV_RECEIVERS_AND_DECODERS,168,TV_RECEIVERS_AND_DECODERS,203,TV_RECEIVERS_AND_DECODERS,191,TV_RECEIVERS_AND_DECODERS,173,TV_RECEIVERS_AND_DECODERS,211,TV_RECEIVERS_AND_DECODERS,191,TV_RECEIVERS_AND_DECODERS,214,TV_RECEIVERS_AND_DECODERS,183,TV_RECEIVERS_AND_DECODERS,213,TV_RECEIVERS_AND_DECODERS,204,TV_RECEIVERS_AND_DECODERS,178,TV_RECEIVERS_AND_DECODERS,181,TV_RECEIVERS_AND_DECODERS,212,TV_RECEIVERS_AND_DECODERS,182,TV_RECEIVERS_AND_DECODERS,174,TV_RECEIVERS_AND_DECODERS,210,TV_RECEIVERS_AND_DECODERS,212,TV_RECEIVERS_AND_DECODERS,180,TV_RECEIVERS_AND_DECODERS,182,TV_RECEIVERS_AND_DECODERS,213,TV_RECEIVERS_AND_DECODERS,211,TV_RECEIVERS_AND_DECODERS,173,TV_RECEIVERS_AND_DECODERS,175
VEHICLE_CLUTCH_CABLES,208,VEHICLE_CLUTCH_CABLES,207,VEHICLE_CLUTCH_CABLES,212,VEHICLE_CLUTCH_CABLES,206,VEHICLE_CLUTCH_CABLES,208,VEHICLE_CLUTCH_CABLES,206,VEHICLE_CLUTCH_CABLES,206,VEHICLE_CLUTCH_CABLES,207,VEHICLE_CLUTCH_CABLES,206,VEHICLE_CLUTCH_CABLES,205,VEHICLE_CLUTCH_CABLES,207,VEHICLE_CLUTCH_CABLES,206,VEHICLE_CLUTCH_CABLES,209,VEHICLE_CLUTCH_CABLES,206,VEHICLE_CLUTCH_CABLES,206,VEHICLE_CLUTCH_CABLES,207,VEHICLE_CLUTCH_CABLES,206,VEHICLE_CLUTCH_CABLES,206,VEHICLE_CLUTCH_CABLES,206,VEHICLE_CLUTCH_CABLES,207,VEHICLE_CLUTCH_CABLES,207,VEHICLE_CLUTCH_CABLES,206,VEHICLE_CLUTCH_CABLES,209,VEHICLE_CLUTCH_CABLES,207,VEHICLE_CLUTCH_CABLES,206,VEHICLE_CLUTCH_CABLES,206,VEHICLE_CLUTCH_CABLES,213,VEHICLE_CLUTCH_CABLES,208
WHEELS_BEARINGS,271,WHEELS_BEARINGS,268,WHEELS_BEARINGS,262,WHEELS_BEARINGS,269,WHEELS_BEARINGS,272,WHEELS_BEARINGS,265,WHEELS_BEARINGS,269,WHEELS_BEARINGS,266,WHEELS_BEARINGS,269,WHEELS_BEARINGS,269,WHEELS_BEARINGS,266,WHEELS_BEARINGS,269,WHEELS_BEARINGS,270,WHEELS_BEARINGS,268,WHEELS_BEARINGS,268,WHEELS_BEARINGS,268,WHEELS_BEARINGS,271,WHEELS_BEARINGS,269,WHEELS_BEARINGS,272,WHEELS_BEARINGS,267,WHEELS_BEARINGS,268,WHEELS_BEARINGS,268,WHEELS_BEARINGS,268,WHEELS_BEARINGS,264,WHEELS_BEARINGS,269,WHEELS_BEARINGS,268,WHEELS_BEARINGS,261,WHEELS_BEARINGS,262
